UID,PIN,ACTIVE,IDENTITY,CHECKED_IN_DATES
admin,kali,True,admin,0000
teacher,kali,True,teacher,"20241026,20241019,20241018,20241013,20241007,20241006,20241005,0000"
20220101,0002022,True,student,"20241019,20241013,20241007,20241006,20241005,20241004,20241003,2024102,20241001,20240930,20240929,20240928,0000"
20220102,0004044,True,student,"20241004,20241003,2024102,20241001,20240930,20240929,20240928,0000"
20220103,0006066,True,student,0000
20220104,0008088,True,student,0000
20220105,0010110,True,student,0000
20220106,0012132,True,student,0000
20220107,0014154,True,student,0000
20220108,0016176,True,student,0000
20220109,0018198,True,student,0000
20220110,0020220,True,student,0000
20220111,0022242,True,student,0000
20220112,0024264,True,student,0000
20220113,0026286,True,student,0000
20220114,0028308,True,student,0000
20220115,0030330,True,student,0000
20220116,0032352,True,student,0000
20220117,0034374,True,student,0000
20220118,0036396,True,student,0000
20220119,0038418,True,student,0000
20220120,0040440,True,student,0000
20220121,0042462,True,student,0000
20220122,0044484,True,student,0000
20220123,0046506,True,student,0000
20220124,0048528,True,student,0000
20220125,0050550,True,student,0000
20220126,0052572,True,student,0000
20220127,0054594,True,student,0000
20220128,0056616,True,student,0000
20220129,0058638,True,student,0000
20220130,0060660,True,student,0000
20220131,0062682,True,student,0000
20220132,0064704,True,student,0000
20220133,0066726,True,student,0000
20220134,0068748,True,student,0000
20220135,0070770,True,student,0000
20220136,0072792,True,student,0000
20220137,0074814,True,student,0000
20220138,0076836,True,student,0000
20220139,0078858,True,student,0000
20220140,0080880,True,student,0000
20220141,0082902,True,student,0000
20220142,0084924,True,student,0000
20220143,0086946,True,student,0000
20220144,0088968,True,student,0000
20220145,0090990,True,student,0000
20220146,0093012,True,student,0000
20220147,0095034,True,student,0000
20220148,0097056,True,student,0000
20220149,0099078,True,student,0000
20220150,0101100,True,student,0000
20220151,0103122,True,student,0000
20220152,0105144,True,student,0000
20220153,0107166,True,student,0000
20220154,0109188,True,student,0000
20220155,0111210,True,student,0000
20220156,0113232,True,student,0000
20220157,0115254,True,student,0000
20220158,0117276,True,student,0000
20220159,0119298,True,student,0000
20220160,0121320,True,student,0000
20220161,0123342,True,student,0000
20220162,0125364,True,student,0000
20220163,0127386,True,student,0000
20220164,0129408,True,student,0000
20220201,0004044,True,student,0000
20220202,0008088,True,student,0000
20220203,0012132,True,student,0000
20220204,0016176,True,student,0000
20220205,0020220,True,student,0000
20220206,0024264,True,student,0000
20220207,0028308,True,student,0000
20220208,0032352,True,student,0000
20220209,0036396,True,student,0000
20220210,0040440,True,student,0000
20220211,0044484,True,student,0000
20220212,0048528,True,student,0000
20220213,0052572,True,student,0000
20220214,0056616,True,student,0000
20220215,0060660,True,student,0000
20220216,0064704,True,student,0000
20220217,0068748,True,student,0000
20220218,0072792,True,student,0000
20220219,0076836,True,student,0000
20220220,0080880,True,student,0000
20220221,0084924,True,student,0000
20220222,0088968,True,student,0000
20220223,0093012,True,student,0000
20220224,0097056,True,student,0000
20220225,0101100,True,student,0000
20220226,0105144,True,student,0000
20220227,0109188,True,student,0000
20220228,0113232,True,student,0000
20220229,0117276,True,student,0000
20220230,0121320,True,student,0000
20220231,0125364,True,student,0000
20220232,0129408,True,student,0000
20220233,0133452,True,student,0000
20220234,0137496,True,student,0000
20220235,0141540,True,student,0000
20220236,0145584,True,student,0000
20220237,0149628,True,student,0000
20220238,0153672,True,student,0000
20220239,0157716,True,student,0000
20220240,0161760,True,student,0000
20220241,0165804,True,student,0000
20220242,0169848,True,student,0000
20220243,0173892,True,student,0000
20220244,0177936,True,student,0000
20220245,0181980,True,student,0000
20220246,0186024,True,student,0000
20220247,0190068,True,student,0000
20220248,0194112,True,student,0000
20220249,0198156,True,student,0000
20220250,0202200,True,student,0000
20220251,0206244,True,student,0000
20220252,0210288,True,student,0000
20220253,0214332,True,student,0000
20220254,0218376,True,student,0000
20220255,0222420,True,student,0000
20220256,0226464,True,student,0000
20220257,0230508,True,student,0000
20220258,0234552,True,student,0000
20220259,0238596,True,student,0000
20220260,0242640,True,student,0000
20220261,0246684,True,student,0000
20220262,0250728,True,student,0000
20220263,0254772,True,student,0000
20220264,0258816,True,student,0000
20220301,0006066,True,student,0000
20220302,0012132,True,student,0000
20220303,0018198,True,student,0000
20220304,0024264,True,student,0000
20220305,0030330,True,student,0000
20220306,0036396,True,student,0000
20220307,0042462,True,student,0000
20220308,0048528,True,student,0000
20220309,0054594,True,student,0000
20220310,0060660,True,student,0000
20220311,0066726,True,student,0000
20220312,0072792,True,student,0000
20220313,0078858,True,student,0000
20220314,0084924,True,student,0000
20220315,0090990,True,student,0000
20220316,0097056,True,student,0000
20220317,0103122,True,student,0000
20220318,0109188,True,student,0000
20220319,0115254,True,student,0000
20220320,0121320,True,student,0000
20220321,0127386,True,student,0000
20220322,0133452,True,student,0000
20220323,0139518,True,student,0000
20220324,0145584,True,student,0000
20220325,0151650,True,student,0000
20220326,0157716,True,student,0000
20220327,0163782,True,student,0000
20220328,0169848,True,student,0000
20220329,0175914,True,student,0000
20220330,0181980,True,student,0000
20220331,0188046,True,student,0000
20220332,0194112,True,student,0000
20220333,0200178,True,student,0000
20220334,0206244,True,student,0000
20220335,0212310,True,student,0000
20220336,0218376,True,student,0000
20220337,0224442,True,student,0000
20220338,0230508,True,student,0000
20220339,0236574,True,student,0000
20220340,0242640,True,student,0000
20220341,0248706,True,student,0000
20220342,0254772,True,student,0000
20220343,0260838,True,student,0000
20220344,0266904,True,student,0000
20220345,0272970,True,student,0000
20220346,0279036,True,student,0000
20220347,0285102,True,student,0000
20220348,0291168,True,student,0000
20220349,0297234,True,student,0000
20220350,0303300,True,student,0000
20220351,0309366,True,student,0000
20220352,0315432,True,student,0000
20220353,0321498,True,student,0000
20220354,0327564,True,student,0000
20220355,0333630,True,student,0000
20220356,0339696,True,student,0000
20220357,0345762,True,student,0000
20220358,0351828,True,student,0000
20220359,0357894,True,student,0000
20220360,0363960,True,student,0000
20220361,0370026,True,student,0000
20220362,0376092,True,student,0000
20220363,0382158,True,student,0000
20220364,0388224,True,student,0000
20220401,0008088,True,student,0000
20220402,0016176,True,student,0000
20220403,0024264,True,student,0000
20220404,0032352,True,student,0000
20220405,0040440,True,student,0000
20220406,0048528,True,student,0000
20220407,0056616,True,student,0000
20220408,0064704,True,student,0000
20220409,0072792,True,student,0000
20220410,0080880,True,student,0000
20220411,0088968,True,student,0000
20220412,0097056,True,student,0000
20220413,0105144,True,student,0000
20220414,0113232,True,student,0000
20220415,0121320,True,student,0000
20220416,0129408,True,student,0000
20220417,0137496,True,student,0000
20220418,0145584,True,student,0000
20220419,0153672,True,student,0000
20220420,0161760,True,student,0000
20220421,0169848,True,student,0000
20220422,0177936,True,student,0000
20220423,0186024,True,student,0000
20220424,0194112,True,student,0000
20220425,0202200,True,student,0000
20220426,0210288,True,student,0000
20220427,0218376,True,student,0000
20220428,0226464,True,student,0000
20220429,0234552,True,student,0000
20220430,0242640,True,student,0000
20220431,0250728,True,student,0000
20220432,0258816,True,student,0000
20220433,0266904,True,student,0000
20220434,0274992,True,student,0000
20220435,0283080,True,student,0000
20220436,0291168,True,student,0000
20220437,0299256,True,student,0000
20220438,0307344,True,student,0000
20220439,0315432,True,student,0000
20220440,0323520,True,student,0000
20220441,0331608,True,student,0000
20220442,0339696,True,student,0000
20220443,0347784,True,student,0000
20220444,0355872,True,student,0000
20220445,0363960,True,student,0000
20220446,0372048,True,student,0000
20220447,0380136,True,student,0000
20220448,0388224,True,student,0000
20220449,0396312,True,student,0000
20220450,0404400,True,student,0000
20220451,0412488,True,student,0000
20220452,0420576,True,student,0000
20220453,0428664,True,student,0000
20220454,0436752,True,student,0000
20220455,0444840,True,student,0000
20220456,0452928,True,student,0000
20220457,0461016,True,student,0000
20220458,0469104,True,student,0000
20220459,0477192,True,student,0000
20220460,0485280,True,student,0000
20220461,0493368,True,student,0000
20220462,0501456,True,student,0000
20220463,0509544,True,student,0000
20220464,0517632,True,student,0000
20220501,0010110,True,student,0000
20220502,0020220,True,student,0000
20220503,0030330,True,student,0000
20220504,0040440,True,student,0000
20220505,0050550,True,student,0000
20220506,0060660,True,student,0000
20220507,0070770,True,student,0000
20220508,0080880,True,student,0000
20220509,0090990,True,student,0000
20220510,0101100,True,student,0000
20220511,0111210,True,student,0000
20220512,0121320,True,student,0000
20220513,0131430,True,student,0000
20220514,0141540,True,student,0000
20220515,0151650,True,student,0000
20220516,0161760,True,student,0000
20220517,0171870,True,student,0000
20220518,0181980,True,student,0000
20220519,0192090,True,student,0000
20220520,0202200,True,student,0000
20220521,0212310,True,student,0000
20220522,0222420,True,student,0000
20220523,0232530,True,student,0000
20220524,0242640,True,student,0000
20220525,0252750,True,student,0000
20220526,0262860,True,student,0000
20220527,0272970,True,student,0000
20220528,0283080,True,student,0000
20220529,0293190,True,student,0000
20220530,0303300,True,student,0000
20220531,0313410,True,student,0000
20220532,0323520,True,student,0000
20220533,0333630,True,student,0000
20220534,0343740,True,student,0000
20220535,0353850,True,student,0000
20220536,0363960,True,student,0000
20220537,0374070,True,student,0000
20220538,0384180,True,student,0000
20220539,0394290,True,student,0000
20220540,0404400,True,student,0000
20220541,0414510,True,student,0000
20220542,0424620,True,student,0000
20220543,0434730,True,student,0000
20220544,0444840,True,student,0000
20220545,0454950,True,student,0000
20220546,0465060,True,student,0000
20220547,0475170,True,student,0000
20220548,0485280,True,student,0000
20220549,0495390,True,student,0000
20220550,0505500,True,student,0000
20220551,0515610,True,student,0000
20220552,0525720,True,student,0000
20220553,0535830,True,student,0000
20220554,0545940,True,student,0000
20220555,0556050,True,student,0000
20220556,0566160,True,student,0000
20220557,0576270,True,student,0000
20220558,0586380,True,student,0000
20220559,0596490,True,student,0000
20220560,0606600,True,student,0000
20220561,0616710,True,student,0000
20220562,0626820,True,student,0000
20220563,0636930,True,student,0000
20220564,0647040,True,student,0000
20220601,0012132,True,student,0000
20220602,0024264,True,student,0000
20220603,0036396,True,student,0000
20220604,0048528,True,student,0000
20220605,0060660,True,student,0000
20220606,0072792,True,student,0000
20220607,0084924,True,student,0000
20220608,0097056,True,student,0000
20220609,0109188,True,student,0000
20220610,0121320,True,student,0000
20220611,0133452,True,student,0000
20220612,0145584,True,student,0000
20220613,0157716,True,student,0000
20220614,0169848,True,student,0000
20220615,0181980,True,student,0000
20220616,0194112,True,student,0000
20220617,0206244,True,student,0000
20220618,0218376,True,student,0000
20220619,0230508,True,student,0000
20220620,0242640,True,student,0000
20220621,0254772,True,student,0000
20220622,0266904,True,student,0000
20220623,0279036,True,student,0000
20220624,0291168,True,student,0000
20220625,0303300,True,student,0000
20220626,0315432,True,student,0000
20220627,0327564,True,student,0000
20220628,0339696,True,student,0000
20220629,0351828,True,student,0000
20220630,0363960,True,student,0000
20220631,0376092,True,student,0000
20220632,0388224,True,student,0000
20220633,0400356,True,student,0000
20220634,0412488,True,student,0000
20220635,0424620,True,student,0000
20220636,0436752,True,student,0000
20220637,0448884,True,student,0000
20220638,0461016,True,student,0000
20220639,0473148,True,student,0000
20220640,0485280,True,student,0000
20220641,0497412,True,student,0000
20220642,0509544,True,student,0000
20220643,0521676,True,student,0000
20220644,0533808,True,student,0000
20220645,0545940,True,student,0000
20220646,0558072,True,student,0000
20220647,0570204,True,student,0000
20220648,0582336,True,student,0000
20220649,0594468,True,student,0000
20220650,0606600,True,student,0000
20220651,0618732,True,student,0000
20220652,0630864,True,student,0000
20220653,0642996,True,student,0000
20220654,0655128,True,student,0000
20220655,0667260,True,student,0000
20220656,0679392,True,student,0000
20220657,0691524,True,student,0000
20220658,0703656,True,student,0000
20220659,0715788,True,student,0000
20220660,0727920,True,student,0000
20220661,0740052,True,student,0000
20220662,0752184,True,student,0000
20220663,0764316,True,student,0000
20220664,0776448,True,student,0000
20220701,0014154,True,student,0000
20220702,0028308,True,student,0000
20220703,0042462,True,student,0000
20220704,0056616,True,student,0000
20220705,0070770,True,student,0000
20220706,0084924,True,student,0000
20220707,0099078,True,student,0000
20220708,0113232,True,student,0000
20220709,0127386,True,student,0000
20220710,0141540,True,student,0000
20220711,0155694,True,student,0000
20220712,0169848,True,student,0000
20220713,0184002,True,student,0000
20220714,0198156,True,student,0000
20220715,0212310,True,student,0000
20220716,0226464,True,student,0000
20220717,0240618,True,student,0000
20220718,0254772,True,student,0000
20220719,0268926,True,student,0000
20220720,0283080,True,student,0000
20220721,0297234,True,student,0000
20220722,0311388,True,student,0000
20220723,0325542,True,student,0000
20220724,0339696,True,student,0000
20220725,0353850,True,student,0000
20220726,0368004,True,student,0000
20220727,0382158,True,student,0000
20220728,0396312,True,student,0000
20220729,0410466,True,student,0000
20220730,0424620,True,student,0000
20220731,0438774,True,student,0000
20220732,0452928,True,student,0000
20220733,0467082,True,student,0000
20220734,0481236,True,student,0000
20220735,0495390,True,student,0000
20220736,0509544,True,student,0000
20220737,0523698,True,student,0000
20220738,0537852,True,student,0000
20220739,0552006,True,student,0000
20220740,0566160,True,student,0000
20220741,0580314,True,student,0000
20220742,0594468,True,student,0000
20220743,0608622,True,student,0000
20220744,0622776,True,student,0000
20220745,0636930,True,student,0000
20220746,0651084,True,student,0000
20220747,0665238,True,student,0000
20220748,0679392,True,student,0000
20220749,0693546,True,student,0000
20220750,0707700,True,student,0000
20220751,0721854,True,student,0000
20220752,0736008,True,student,0000
20220753,0750162,True,student,0000
20220754,0764316,True,student,0000
20220755,0778470,True,student,0000
20220756,0792624,True,student,0000
20220757,0806778,True,student,0000
20220758,0820932,True,student,0000
20220759,0835086,True,student,0000
20220760,0849240,True,student,0000
20220761,0863394,True,student,0000
20220762,0877548,True,student,0000
20220763,0891702,True,student,0000
20220764,0905856,True,student,0000
20220801,0016176,True,student,0000
20220802,0032352,True,student,0000
20220803,0048528,True,student,0000
20220804,0064704,True,student,0000
20220805,0080880,True,student,0000
20220806,0097056,True,student,0000
20220807,0113232,True,student,0000
20220808,0129408,True,student,0000
20220809,0145584,True,student,0000
20220810,0161760,True,student,0000
20220811,0177936,True,student,0000
20220812,0194112,True,student,0000
20220813,0210288,True,student,0000
20220814,0226464,True,student,0000
20220815,0242640,True,student,0000
20220816,0258816,True,student,0000
20220817,0274992,True,student,0000
20220818,0291168,True,student,0000
20220819,0307344,True,student,0000
20220820,0323520,True,student,0000
20220821,0339696,True,student,0000
20220822,0355872,True,student,0000
20220823,0372048,True,student,0000
20220824,0388224,True,student,0000
20220825,0404400,True,student,0000
20220826,0420576,True,student,0000
20220827,0436752,True,student,0000
20220828,0452928,True,student,0000
20220829,0469104,True,student,0000
20220830,0485280,True,student,0000
20220831,0501456,True,student,0000
20220832,0517632,True,student,0000
20220833,0533808,True,student,0000
20220834,0549984,True,student,0000
20220835,0566160,True,student,0000
20220836,0582336,True,student,0000
20220837,0598512,True,student,0000
20220838,0614688,True,student,0000
20220839,0630864,True,student,0000
20220840,0647040,True,student,0000
20220841,0663216,True,student,0000
20220842,0679392,True,student,0000
20220843,0695568,True,student,0000
20220844,0711744,True,student,0000
20220845,0727920,True,student,0000
20220846,0744096,True,student,0000
20220847,0760272,True,student,0000
20220848,0776448,True,student,0000
20220849,0792624,True,student,0000
20220850,0808800,True,student,0000
20220851,0824976,True,student,0000
20220852,0841152,True,student,0000
20220853,0857328,True,student,0000
20220854,0873504,True,student,0000
20220855,0889680,True,student,0000
20220856,0905856,True,student,0000
20220857,0922032,True,student,0000
20220858,0938208,True,student,0000
20220859,0954384,True,student,0000
20220860,0970560,True,student,0000
20220861,0986736,True,student,0000
20220862,1002912,True,student,0000
20220863,1019088,True,student,0000
20220864,1035264,True,student,0000
20220901,0018198,True,student,0000
20220902,0036396,True,student,0000
20220903,0054594,True,student,0000
20220904,0072792,True,student,0000
20220905,0090990,True,student,0000
20220906,0109188,True,student,0000
20220907,0127386,True,student,0000
20220908,0145584,True,student,0000
20220909,0163782,True,student,0000
20220910,0181980,True,student,0000
20220911,0200178,True,student,0000
20220912,0218376,True,student,0000
20220913,0236574,True,student,0000
20220914,0254772,True,student,0000
20220915,0272970,True,student,0000
20220916,0291168,True,student,0000
20220917,0309366,True,student,0000
20220918,0327564,True,student,0000
20220919,0345762,True,student,0000
20220920,0363960,True,student,0000
20220921,0382158,True,student,0000
20220922,0400356,True,student,0000
20220923,0418554,True,student,0000
20220924,0436752,True,student,0000
20220925,0454950,True,student,0000
20220926,0473148,True,student,0000
20220927,0491346,True,student,0000
20220928,0509544,True,student,0000
20220929,0527742,True,student,0000
20220930,0545940,True,student,0000
20220931,0564138,True,student,0000
20220932,0582336,True,student,0000
20220933,0600534,True,student,0000
20220934,0618732,True,student,0000
20220935,0636930,True,student,0000
20220936,0655128,True,student,0000
20220937,0673326,True,student,0000
20220938,0691524,True,student,0000
20220939,0709722,True,student,0000
20220940,0727920,True,student,0000
20220941,0746118,True,student,0000
20220942,0764316,True,student,0000
20220943,0782514,True,student,0000
20220944,0800712,True,student,0000
20220945,0818910,True,student,0000
20220946,0837108,True,student,0000
20220947,0855306,True,student,0000
20220948,0873504,True,student,0000
20220949,0891702,True,student,0000
20220950,0909900,True,student,0000
20220951,0928098,True,student,0000
20220952,0946296,True,student,0000
20220953,0964494,True,student,0000
20220954,0982692,True,student,0000
20220955,1000890,True,student,0000
20220956,1019088,True,student,0000
20220957,1037286,True,student,0000
20220958,1055484,True,student,0000
20220959,1073682,True,student,0000
20220960,1091880,True,student,0000
20220961,1110078,True,student,0000
20220962,1128276,True,student,0000
20220963,1146474,True,student,0000
20220964,1164672,True,student,0000
20230101,0002023,True,student,0000
20230102,0004046,True,student,0000
20230103,0006069,True,student,0000
20230104,0008092,True,student,0000
20230105,0010115,True,student,0000
20230106,0012138,True,student,0000
20230107,0014161,True,student,0000
20230108,0016184,True,student,0000
20230109,0018207,True,student,0000
20230110,0020230,True,student,0000
20230111,0022253,True,student,0000
20230112,0024276,True,student,0000
20230113,0026299,True,student,0000
20230114,0028322,True,student,0000
20230115,0030345,True,student,0000
20230116,0032368,True,student,0000
20230117,0034391,True,student,0000
20230118,0036414,True,student,0000
20230119,0038437,True,student,0000
20230120,0040460,True,student,0000
20230121,0042483,True,student,0000
20230122,0044506,True,student,0000
20230123,0046529,True,student,0000
20230124,0048552,True,student,0000
20230125,0050575,True,student,0000
20230126,0052598,True,student,0000
20230127,0054621,True,student,0000
20230128,0056644,True,student,0000
20230129,0058667,True,student,0000
20230130,0060690,True,student,0000
20230131,0062713,True,student,0000
20230132,0064736,True,student,0000
20230133,0066759,True,student,0000
20230134,0068782,True,student,0000
20230135,0070805,True,student,0000
20230136,0072828,True,student,0000
20230137,0074851,True,student,0000
20230138,0076874,True,student,0000
20230139,0078897,True,student,0000
20230140,0080920,True,student,0000
20230141,0082943,True,student,0000
20230142,0084966,True,student,0000
20230143,0086989,True,student,0000
20230144,0089012,True,student,0000
20230145,0091035,True,student,0000
20230146,0093058,True,student,0000
20230147,0095081,True,student,0000
20230148,0097104,True,student,0000
20230149,0099127,True,student,0000
20230150,0101150,True,student,0000
20230151,0103173,True,student,0000
20230152,0105196,True,student,0000
20230153,0107219,True,student,0000
20230154,0109242,True,student,0000
20230155,0111265,True,student,0000
20230156,0113288,True,student,0000
20230157,0115311,True,student,0000
20230158,0117334,True,student,0000
20230159,0119357,True,student,0000
20230160,0121380,True,student,0000
20230161,0123403,True,student,0000
20230162,0125426,True,student,0000
20230163,0127449,True,student,0000
20230164,0129472,True,student,0000
20230201,0004046,True,student,0000
20230202,0008092,True,student,0000
20230203,0012138,True,student,0000
20230204,0016184,True,student,0000
20230205,0020230,True,student,0000
20230206,0024276,True,student,0000
20230207,0028322,True,student,0000
20230208,0032368,True,student,0000
20230209,0036414,True,student,0000
20230210,0040460,True,student,0000
20230211,0044506,True,student,0000
20230212,0048552,True,student,0000
20230213,0052598,True,student,0000
20230214,0056644,True,student,0000
20230215,0060690,True,student,0000
20230216,0064736,True,student,0000
20230217,0068782,True,student,0000
20230218,0072828,True,student,0000
20230219,0076874,True,student,0000
20230220,0080920,True,student,0000
20230221,0084966,True,student,0000
20230222,0089012,True,student,0000
20230223,0093058,True,student,0000
20230224,0097104,True,student,0000
20230225,0101150,True,student,0000
20230226,0105196,True,student,0000
20230227,0109242,True,student,0000
20230228,0113288,True,student,0000
20230229,0117334,True,student,0000
20230230,0121380,True,student,0000
20230231,0125426,True,student,0000
20230232,0129472,True,student,0000
20230233,0133518,True,student,0000
20230234,0137564,True,student,0000
20230235,0141610,True,student,0000
20230236,0145656,True,student,0000
20230237,0149702,True,student,0000
20230238,0153748,True,student,0000
20230239,0157794,True,student,0000
20230240,0161840,True,student,0000
20230241,0165886,True,student,0000
20230242,0169932,True,student,0000
20230243,0173978,True,student,0000
20230244,0178024,True,student,0000
20230245,0182070,True,student,0000
20230246,0186116,True,student,0000
20230247,0190162,True,student,0000
20230248,0194208,True,student,0000
20230249,0198254,True,student,0000
20230250,0202300,True,student,0000
20230251,0206346,True,student,0000
20230252,0210392,True,student,0000
20230253,0214438,True,student,0000
20230254,0218484,True,student,0000
20230255,0222530,True,student,0000
20230256,0226576,True,student,0000
20230257,0230622,True,student,0000
20230258,0234668,True,student,0000
20230259,0238714,True,student,0000
20230260,0242760,True,student,0000
20230261,0246806,True,student,0000
20230262,0250852,True,student,0000
20230263,0254898,True,student,0000
20230264,0258944,True,student,0000
20230301,0006069,True,student,0000
20230302,0012138,True,student,0000
20230303,0018207,True,student,0000
20230304,0024276,True,student,0000
20230305,0030345,True,student,0000
20230306,0036414,True,student,0000
20230307,0042483,True,student,0000
20230308,0048552,True,student,0000
20230309,0054621,True,student,0000
20230310,0060690,True,student,0000
20230311,0066759,True,student,0000
20230312,0072828,True,student,0000
20230313,0078897,True,student,0000
20230314,0084966,True,student,0000
20230315,0091035,True,student,0000
20230316,0097104,True,student,0000
20230317,0103173,True,student,0000
20230318,0109242,True,student,0000
20230319,0115311,True,student,0000
20230320,0121380,True,student,0000
20230321,0127449,True,student,0000
20230322,0133518,True,student,0000
20230323,0139587,True,student,0000
20230324,0145656,True,student,0000
20230325,0151725,True,student,0000
20230326,0157794,True,student,0000
20230327,0163863,True,student,0000
20230328,0169932,True,student,0000
20230329,0176001,True,student,0000
20230330,0182070,True,student,0000
20230331,0188139,True,student,0000
20230332,0194208,True,student,0000
20230333,0200277,True,student,0000
20230334,0206346,True,student,0000
20230335,0212415,True,student,0000
20230336,0218484,True,student,0000
20230337,0224553,True,student,0000
20230338,0230622,True,student,0000
20230339,0236691,True,student,0000
20230340,0242760,True,student,0000
20230341,0248829,True,student,0000
20230342,0254898,True,student,0000
20230343,0260967,True,student,0000
20230344,0267036,True,student,0000
20230345,0273105,True,student,0000
20230346,0279174,True,student,0000
20230347,0285243,True,student,0000
20230348,0291312,True,student,0000
20230349,0297381,True,student,0000
20230350,0303450,True,student,0000
20230351,0309519,True,student,0000
20230352,0315588,True,student,0000
20230353,0321657,True,student,0000
20230354,0327726,True,student,0000
20230355,0333795,True,student,0000
20230356,0339864,True,student,0000
20230357,0345933,True,student,0000
20230358,0352002,True,student,0000
20230359,0358071,True,student,0000
20230360,0364140,True,student,0000
20230361,0370209,True,student,0000
20230362,0376278,True,student,0000
20230363,0382347,True,student,0000
20230364,0388416,True,student,0000
20230401,0008092,True,student,0000
20230402,0016184,True,student,0000
20230403,0024276,True,student,0000
20230404,0032368,True,student,0000
20230405,0040460,True,student,0000
20230406,0048552,True,student,0000
20230407,0056644,True,student,0000
20230408,0064736,True,student,0000
20230409,0072828,True,student,0000
20230410,0080920,True,student,0000
20230411,0089012,True,student,0000
20230412,0097104,True,student,0000
20230413,0105196,True,student,0000
20230414,0113288,True,student,0000
20230415,0121380,True,student,0000
20230416,0129472,True,student,0000
20230417,0137564,True,student,0000
20230418,0145656,True,student,0000
20230419,0153748,True,student,0000
20230420,0161840,True,student,0000
20230421,0169932,True,student,0000
20230422,0178024,True,student,0000
20230423,0186116,True,student,0000
20230424,0194208,True,student,0000
20230425,0202300,True,student,0000
20230426,0210392,True,student,0000
20230427,0218484,True,student,0000
20230428,0226576,True,student,0000
20230429,0234668,True,student,0000
20230430,0242760,True,student,0000
20230431,0250852,True,student,0000
20230432,0258944,True,student,0000
20230433,0267036,True,student,0000
20230434,0275128,True,student,0000
20230435,0283220,True,student,0000
20230436,0291312,True,student,0000
20230437,0299404,True,student,0000
20230438,0307496,True,student,0000
20230439,0315588,True,student,0000
20230440,0323680,True,student,0000
20230441,0331772,True,student,0000
20230442,0339864,True,student,0000
20230443,0347956,True,student,0000
20230444,0356048,True,student,0000
20230445,0364140,True,student,0000
20230446,0372232,True,student,0000
20230447,0380324,True,student,0000
20230448,0388416,True,student,0000
20230449,0396508,True,student,0000
20230450,0404600,True,student,0000
20230451,0412692,True,student,0000
20230452,0420784,True,student,0000
20230453,0428876,True,student,0000
20230454,0436968,True,student,0000
20230455,0445060,True,student,0000
20230456,0453152,True,student,0000
20230457,0461244,True,student,0000
20230458,0469336,True,student,0000
20230459,0477428,True,student,0000
20230460,0485520,True,student,0000
20230461,0493612,True,student,0000
20230462,0501704,True,student,0000
20230463,0509796,True,student,0000
20230464,0517888,True,student,0000
20230501,0010115,True,student,0000
20230502,0020230,True,student,0000
20230503,0030345,True,student,0000
20230504,0040460,True,student,0000
20230505,0050575,True,student,0000
20230506,0060690,True,student,0000
20230507,0070805,True,student,0000
20230508,0080920,True,student,0000
20230509,0091035,True,student,0000
20230510,0101150,True,student,0000
20230511,0111265,True,student,0000
20230512,0121380,True,student,0000
20230513,0131495,True,student,0000
20230514,0141610,True,student,0000
20230515,0151725,True,student,0000
20230516,0161840,True,student,0000
20230517,0171955,True,student,0000
20230518,0182070,True,student,0000
20230519,0192185,True,student,0000
20230520,0202300,True,student,0000
20230521,0212415,True,student,0000
20230522,0222530,True,student,0000
20230523,0232645,True,student,0000
20230524,0242760,True,student,0000
20230525,0252875,True,student,0000
20230526,0262990,True,student,0000
20230527,0273105,True,student,0000
20230528,0283220,True,student,0000
20230529,0293335,True,student,0000
20230530,0303450,True,student,0000
20230531,0313565,True,student,0000
20230532,0323680,True,student,0000
20230533,0333795,True,student,0000
20230534,0343910,True,student,0000
20230535,0354025,True,student,0000
20230536,0364140,True,student,0000
20230537,0374255,True,student,0000
20230538,0384370,True,student,0000
20230539,0394485,True,student,0000
20230540,0404600,True,student,0000
20230541,0414715,True,student,0000
20230542,0424830,True,student,0000
20230543,0434945,True,student,0000
20230544,0445060,True,student,0000
20230545,0455175,True,student,0000
20230546,0465290,True,student,0000
20230547,0475405,True,student,0000
20230548,0485520,True,student,0000
20230549,0495635,True,student,0000
20230550,0505750,True,student,0000
20230551,0515865,True,student,0000
20230552,0525980,True,student,0000
20230553,0536095,True,student,0000
20230554,0546210,True,student,0000
20230555,0556325,True,student,0000
20230556,0566440,True,student,0000
20230557,0576555,True,student,0000
20230558,0586670,True,student,0000
20230559,0596785,True,student,0000
20230560,0606900,True,student,0000
20230561,0617015,True,student,0000
20230562,0627130,True,student,0000
20230563,0637245,True,student,0000
20230564,0647360,True,student,0000
20230601,0012138,True,student,0000
20230602,0024276,True,student,0000
20230603,0036414,True,student,0000
20230604,0048552,True,student,0000
20230605,0060690,True,student,0000
20230606,0072828,True,student,0000
20230607,0084966,True,student,0000
20230608,0097104,True,student,0000
20230609,0109242,True,student,0000
20230610,0121380,True,student,0000
20230611,0133518,True,student,0000
20230612,0145656,True,student,0000
20230613,0157794,True,student,0000
20230614,0169932,True,student,0000
20230615,0182070,True,student,0000
20230616,0194208,True,student,0000
20230617,0206346,True,student,0000
20230618,0218484,True,student,0000
20230619,0230622,True,student,0000
20230620,0242760,True,student,0000
20230621,0254898,True,student,0000
20230622,0267036,True,student,0000
20230623,0279174,True,student,0000
20230624,0291312,True,student,0000
20230625,0303450,True,student,0000
20230626,0315588,True,student,0000
20230627,0327726,True,student,0000
20230628,0339864,True,student,0000
20230629,0352002,True,student,0000
20230630,0364140,True,student,0000
20230631,0376278,True,student,0000
20230632,0388416,True,student,0000
20230633,0400554,True,student,0000
20230634,0412692,True,student,0000
20230635,0424830,True,student,0000
20230636,0436968,True,student,0000
20230637,0449106,True,student,0000
20230638,0461244,True,student,0000
20230639,0473382,True,student,0000
20230640,0485520,True,student,0000
20230641,0497658,True,student,0000
20230642,0509796,True,student,0000
20230643,0521934,True,student,0000
20230644,0534072,True,student,0000
20230645,0546210,True,student,0000
20230646,0558348,True,student,0000
20230647,0570486,True,student,0000
20230648,0582624,True,student,0000
20230649,0594762,True,student,0000
20230650,0606900,True,student,0000
20230651,0619038,True,student,0000
20230652,0631176,True,student,0000
20230653,0643314,True,student,0000
20230654,0655452,True,student,0000
20230655,0667590,True,student,0000
20230656,0679728,True,student,0000
20230657,0691866,True,student,0000
20230658,0704004,True,student,0000
20230659,0716142,True,student,0000
20230660,0728280,True,student,0000
20230661,0740418,True,student,0000
20230662,0752556,True,student,0000
20230663,0764694,True,student,0000
20230664,0776832,True,student,0000
20230701,0014161,True,student,0000
20230702,0028322,True,student,0000
20230703,0042483,True,student,0000
20230704,0056644,True,student,0000
20230705,0070805,True,student,0000
20230706,0084966,True,student,0000
20230707,0099127,True,student,0000
20230708,0113288,True,student,0000
20230709,0127449,True,student,0000
20230710,0141610,True,student,0000
20230711,0155771,True,student,0000
20230712,0169932,True,student,0000
20230713,0184093,True,student,0000
20230714,0198254,True,student,0000
20230715,0212415,True,student,0000
20230716,0226576,True,student,0000
20230717,0240737,True,student,0000
20230718,0254898,True,student,0000
20230719,0269059,True,student,0000
20230720,0283220,True,student,0000
20230721,0297381,True,student,0000
20230722,0311542,True,student,0000
20230723,0325703,True,student,0000
20230724,0339864,True,student,0000
20230725,0354025,True,student,0000
20230726,0368186,True,student,0000
20230727,0382347,True,student,0000
20230728,0396508,True,student,0000
20230729,0410669,True,student,0000
20230730,0424830,True,student,0000
20230731,0438991,True,student,0000
20230732,0453152,True,student,0000
20230733,0467313,True,student,0000
20230734,0481474,True,student,0000
20230735,0495635,True,student,0000
20230736,0509796,True,student,0000
20230737,0523957,True,student,0000
20230738,0538118,True,student,0000
20230739,0552279,True,student,0000
20230740,0566440,True,student,0000
20230741,0580601,True,student,0000
20230742,0594762,True,student,0000
20230743,0608923,True,student,0000
20230744,0623084,True,student,0000
20230745,0637245,True,student,0000
20230746,0651406,True,student,0000
20230747,0665567,True,student,0000
20230748,0679728,True,student,0000
20230749,0693889,True,student,0000
20230750,0708050,True,student,0000
20230751,0722211,True,student,0000
20230752,0736372,True,student,0000
20230753,0750533,True,student,0000
20230754,0764694,True,student,0000
20230755,0778855,True,student,0000
20230756,0793016,True,student,0000
20230757,0807177,True,student,0000
20230758,0821338,True,student,0000
20230759,0835499,True,student,0000
20230760,0849660,True,student,0000
20230761,0863821,True,student,0000
20230762,0877982,True,student,0000
20230763,0892143,True,student,0000
20230764,0906304,True,student,0000
20230801,0016184,True,student,0000
20230802,0032368,True,student,0000
20230803,0048552,True,student,0000
20230804,0064736,True,student,0000
20230805,0080920,True,student,0000
20230806,0097104,True,student,0000
20230807,0113288,True,student,0000
20230808,0129472,True,student,0000
20230809,0145656,True,student,0000
20230810,0161840,True,student,0000
20230811,0178024,True,student,0000
20230812,0194208,True,student,0000
20230813,0210392,True,student,0000
20230814,0226576,True,student,0000
20230815,0242760,True,student,0000
20230816,0258944,True,student,0000
20230817,0275128,True,student,0000
20230818,0291312,True,student,0000
20230819,0307496,True,student,0000
20230820,0323680,True,student,0000
20230821,0339864,True,student,0000
20230822,0356048,True,student,0000
20230823,0372232,True,student,0000
20230824,0388416,True,student,0000
20230825,0404600,True,student,0000
20230826,0420784,True,student,0000
20230827,0436968,True,student,0000
20230828,0453152,True,student,0000
20230829,0469336,True,student,0000
20230830,0485520,True,student,0000
20230831,0501704,True,student,0000
20230832,0517888,True,student,0000
20230833,0534072,True,student,0000
20230834,0550256,True,student,0000
20230835,0566440,True,student,0000
20230836,0582624,True,student,0000
20230837,0598808,True,student,0000
20230838,0614992,True,student,0000
20230839,0631176,True,student,0000
20230840,0647360,True,student,0000
20230841,0663544,True,student,0000
20230842,0679728,True,student,0000
20230843,0695912,True,student,0000
20230844,0712096,True,student,0000
20230845,0728280,True,student,0000
20230846,0744464,True,student,0000
20230847,0760648,True,student,0000
20230848,0776832,True,student,0000
20230849,0793016,True,student,0000
20230850,0809200,True,student,0000
20230851,0825384,True,student,0000
20230852,0841568,True,student,0000
20230853,0857752,True,student,0000
20230854,0873936,True,student,0000
20230855,0890120,True,student,0000
20230856,0906304,True,student,0000
20230857,0922488,True,student,0000
20230858,0938672,True,student,0000
20230859,0954856,True,student,0000
20230860,0971040,True,student,0000
20230861,0987224,True,student,0000
20230862,1003408,True,student,0000
20230863,1019592,True,student,0000
20230864,1035776,True,student,0000
20230901,0018207,True,student,0000
20230902,0036414,True,student,0000
20230903,0054621,True,student,0000
20230904,0072828,True,student,0000
20230905,0091035,True,student,0000
20230906,0109242,True,student,0000
20230907,0127449,True,student,0000
20230908,0145656,True,student,0000
20230909,0163863,True,student,0000
20230910,0182070,True,student,0000
20230911,0200277,True,student,0000
20230912,0218484,True,student,0000
20230913,0236691,True,student,0000
20230914,0254898,True,student,0000
20230915,0273105,True,student,0000
20230916,0291312,True,student,0000
20230917,0309519,True,student,0000
20230918,0327726,True,student,0000
20230919,0345933,True,student,0000
20230920,0364140,True,student,0000
20230921,0382347,True,student,0000
20230922,0400554,True,student,0000
20230923,0418761,True,student,0000
20230924,0436968,True,student,0000
20230925,0455175,True,student,0000
20230926,0473382,True,student,0000
20230927,0491589,True,student,0000
20230928,0509796,True,student,0000
20230929,0528003,True,student,0000
20230930,0546210,True,student,0000
20230931,0564417,True,student,0000
20230932,0582624,True,student,0000
20230933,0600831,True,student,0000
20230934,0619038,True,student,0000
20230935,0637245,True,student,0000
20230936,0655452,True,student,0000
20230937,0673659,True,student,0000
20230938,0691866,True,student,0000
20230939,0710073,True,student,0000
20230940,0728280,True,student,0000
20230941,0746487,True,student,0000
20230942,0764694,True,student,0000
20230943,0782901,True,student,0000
20230944,0801108,True,student,0000
20230945,0819315,True,student,0000
20230946,0837522,True,student,0000
20230947,0855729,True,student,0000
20230948,0873936,True,student,0000
20230949,0892143,True,student,0000
20230950,0910350,True,student,0000
20230951,0928557,True,student,0000
20230952,0946764,True,student,0000
20230953,0964971,True,student,0000
20230954,0983178,True,student,0000
20230955,1001385,True,student,0000
20230956,1019592,True,student,0000
20230957,1037799,True,student,0000
20230958,1056006,True,student,0000
20230959,1074213,True,student,0000
20230960,1092420,True,student,0000
20230961,1110627,True,student,0000
20230962,1128834,True,student,0000
20230963,1147041,True,student,0000
20230964,1165248,True,student,0000
20240101,0002024,True,student,0000
20240102,0004048,True,student,0000
20240103,0006072,True,student,0000
20240104,0008096,True,student,0000
20240105,0010120,True,student,0000
20240106,0012144,True,student,0000
20240107,0014168,True,student,0000
20240108,0016192,True,student,0000
20240109,0018216,True,student,0000
20240110,0020240,True,student,0000
20240111,0022264,True,student,0000
20240112,0024288,True,student,0000
20240113,0026312,True,student,0000
20240114,0028336,True,student,0000
20240115,0030360,True,student,0000
20240116,0032384,True,student,0000
20240117,0034408,True,student,0000
20240118,0036432,True,student,0000
20240119,0038456,True,student,0000
20240120,0040480,True,student,0000
20240121,0042504,True,student,0000
20240122,0044528,True,student,0000
20240123,0046552,True,student,0000
20240124,0048576,True,student,0000
20240125,0050600,True,student,0000
20240126,0052624,True,student,0000
20240127,0054648,True,student,0000
20240128,0056672,True,student,0000
20240129,0058696,True,student,0000
20240130,0060720,True,student,0000
20240131,0062744,True,student,0000
20240132,0064768,True,student,0000
20240133,0066792,True,student,0000
20240134,0068816,True,student,0000
20240135,0070840,True,student,0000
20240136,0072864,True,student,0000
20240137,0074888,True,student,0000
20240138,0076912,True,student,0000
20240139,0078936,True,student,0000
20240140,0080960,True,student,0000
20240141,0082984,True,student,0000
20240142,0085008,True,student,0000
20240143,0087032,True,student,0000
20240144,0089056,True,student,0000
20240145,0091080,True,student,0000
20240146,0093104,True,student,0000
20240147,0095128,True,student,0000
20240148,0097152,True,student,0000
20240149,0099176,True,student,0000
20240150,0101200,True,student,0000
20240151,0103224,True,student,0000
20240152,0105248,True,student,0000
20240153,0107272,True,student,0000
20240154,0109296,True,student,0000
20240155,0111320,True,student,0000
20240156,0113344,True,student,0000
20240157,0115368,True,student,0000
20240158,0117392,True,student,0000
20240159,0119416,True,student,0000
20240160,0121440,True,student,0000
20240161,0123464,True,student,0000
20240162,0125488,True,student,0000
20240163,0127512,True,student,0000
20240164,0129536,True,student,0000
20240201,0004048,True,student,0000
20240202,0008096,True,student,0000
20240203,0012144,True,student,0000
20240204,0016192,True,student,0000
20240205,0020240,True,student,0000
20240206,0024288,True,student,0000
20240207,0028336,True,student,0000
20240208,0032384,True,student,0000
20240209,0036432,True,student,0000
20240210,0040480,True,student,0000
20240211,0044528,True,student,0000
20240212,0048576,True,student,0000
20240213,0052624,True,student,0000
20240214,0056672,True,student,0000
20240215,0060720,True,student,0000
20240216,0064768,True,student,0000
20240217,0068816,True,student,0000
20240218,0072864,True,student,0000
20240219,0076912,True,student,0000
20240220,0080960,True,student,0000
20240221,0085008,True,student,0000
20240222,0089056,True,student,0000
20240223,0093104,True,student,0000
20240224,0097152,True,student,0000
20240225,0101200,True,student,0000
20240226,0105248,True,student,0000
20240227,0109296,True,student,0000
20240228,0113344,True,student,0000
20240229,0117392,True,student,0000
20240230,0121440,True,student,0000
20240231,0125488,True,student,0000
20240232,0129536,True,student,0000
20240233,0133584,True,student,0000
20240234,0137632,True,student,0000
20240235,0141680,True,student,0000
20240236,0145728,True,student,0000
20240237,0149776,True,student,0000
20240238,0153824,True,student,0000
20240239,0157872,True,student,0000
20240240,0161920,True,student,0000
20240241,0165968,True,student,0000
20240242,0170016,True,student,0000
20240243,0174064,True,student,0000
20240244,0178112,True,student,0000
20240245,0182160,True,student,0000
20240246,0186208,True,student,0000
20240247,0190256,True,student,0000
20240248,0194304,True,student,0000
20240249,0198352,True,student,0000
20240250,0202400,True,student,0000
20240251,0206448,True,student,0000
20240252,0210496,True,student,0000
20240253,0214544,True,student,0000
20240254,0218592,True,student,0000
20240255,0222640,True,student,0000
20240256,0226688,True,student,0000
20240257,0230736,True,student,0000
20240258,0234784,True,student,0000
20240259,0238832,True,student,0000
20240260,0242880,True,student,0000
20240261,0246928,True,student,0000
20240262,0250976,True,student,0000
20240263,0255024,True,student,0000
20240264,0259072,True,student,0000
20240301,0006072,True,student,0000
20240302,0012144,True,student,0000
20240303,0018216,True,student,0000
20240304,0024288,True,student,0000
20240305,0030360,True,student,0000
20240306,0036432,True,student,0000
20240307,0042504,True,student,0000
20240308,0048576,True,student,0000
20240309,0054648,True,student,0000
20240310,0060720,True,student,0000
20240311,0066792,True,student,0000
20240312,0072864,True,student,0000
20240313,0078936,True,student,0000
20240314,0085008,True,student,0000
20240315,0091080,True,student,0000
20240316,0097152,True,student,0000
20240317,0103224,True,student,0000
20240318,0109296,True,student,0000
20240319,0115368,True,student,0000
20240320,0121440,True,student,0000
20240321,0127512,True,student,0000
20240322,0133584,True,student,0000
20240323,0139656,True,student,0000
20240324,0145728,True,student,0000
20240325,0151800,True,student,0000
20240326,0157872,True,student,0000
20240327,0163944,True,student,0000
20240328,0170016,True,student,0000
20240329,0176088,True,student,0000
20240330,0182160,True,student,0000
20240331,0188232,True,student,0000
20240332,0194304,True,student,0000
20240333,0200376,True,student,0000
20240334,0206448,True,student,0000
20240335,0212520,True,student,0000
20240336,0218592,True,student,0000
20240337,0224664,True,student,0000
20240338,0230736,True,student,0000
20240339,0236808,True,student,0000
20240340,0242880,True,student,0000
20240341,0248952,True,student,0000
20240342,0255024,True,student,0000
20240343,0261096,True,student,0000
20240344,0267168,True,student,0000
20240345,0273240,True,student,0000
20240346,0279312,True,student,0000
20240347,0285384,True,student,0000
20240348,0291456,True,student,0000
20240349,0297528,True,student,0000
20240350,0303600,True,student,0000
20240351,0309672,True,student,0000
20240352,0315744,True,student,0000
20240353,0321816,True,student,0000
20240354,0327888,True,student,0000
20240355,0333960,True,student,0000
20240356,0340032,True,student,0000
20240357,0346104,True,student,0000
20240358,0352176,True,student,0000
20240359,0358248,True,student,0000
20240360,0364320,True,student,0000
20240361,0370392,True,student,0000
20240362,0376464,True,student,0000
20240363,0382536,True,student,0000
20240364,0388608,True,student,0000
20240401,0008096,True,student,0000
20240402,0016192,True,student,0000
20240403,0024288,True,student,0000
20240404,0032384,True,student,0000
20240405,0040480,True,student,0000
20240406,0048576,True,student,0000
20240407,0056672,True,student,0000
20240408,0064768,True,student,0000
20240409,0072864,True,student,0000
20240410,0080960,True,student,0000
20240411,0089056,True,student,0000
20240412,0097152,True,student,0000
20240413,0105248,True,student,0000
20240414,0113344,True,student,0000
20240415,0121440,True,student,0000
20240416,0129536,True,student,0000
20240417,0137632,True,student,0000
20240418,0145728,True,student,0000
20240419,0153824,True,student,0000
20240420,0161920,True,student,0000
20240421,0170016,True,student,0000
20240422,0178112,True,student,0000
20240423,0186208,True,student,0000
20240424,0194304,True,student,0000
20240425,0202400,True,student,0000
20240426,0210496,True,student,0000
20240427,0218592,True,student,0000
20240428,0226688,True,student,0000
20240429,0234784,True,student,0000
20240430,0242880,True,student,0000
20240431,0250976,True,student,0000
20240432,0259072,True,student,0000
20240433,0267168,True,student,0000
20240434,0275264,True,student,0000
20240435,0283360,True,student,0000
20240436,0291456,True,student,0000
20240437,0299552,True,student,0000
20240438,0307648,True,student,0000
20240439,0315744,True,student,0000
20240440,0323840,True,student,0000
20240441,0331936,True,student,0000
20240442,0340032,True,student,0000
20240443,0348128,True,student,0000
20240444,0356224,True,student,0000
20240445,0364320,True,student,0000
20240446,0372416,True,student,0000
20240447,0380512,True,student,0000
20240448,0388608,True,student,0000
20240449,0396704,True,student,0000
20240450,0404800,True,student,0000
20240451,0412896,True,student,0000
20240452,0420992,True,student,0000
20240453,0429088,True,student,0000
20240454,0437184,True,student,0000
20240455,0445280,True,student,0000
20240456,0453376,True,student,0000
20240457,0461472,True,student,0000
20240458,0469568,True,student,0000
20240459,0477664,True,student,0000
20240460,0485760,True,student,0000
20240461,0493856,True,student,0000
20240462,0501952,True,student,0000
20240463,0510048,True,student,0000
20240464,0518144,True,student,0000
20240501,0010120,True,student,0000
20240502,0020240,True,student,0000
20240503,0030360,True,student,0000
20240504,0040480,True,student,0000
20240505,0050600,True,student,0000
20240506,0060720,True,student,0000
20240507,0070840,True,student,0000
20240508,0080960,True,student,0000
20240509,0091080,True,student,0000
20240510,0101200,True,student,0000
20240511,0111320,True,student,0000
20240512,0121440,True,student,0000
20240513,0131560,True,student,0000
20240514,0141680,True,student,0000
20240515,0151800,True,student,0000
20240516,0161920,True,student,0000
20240517,0172040,True,student,0000
20240518,0182160,True,student,0000
20240519,0192280,True,student,0000
20240520,0202400,True,student,0000
20240521,0212520,True,student,0000
20240522,0222640,True,student,0000
20240523,0232760,True,student,0000
20240524,0242880,True,student,0000
20240525,0253000,True,student,0000
20240526,0263120,True,student,0000
20240527,0273240,True,student,0000
20240528,0283360,True,student,0000
20240529,0293480,True,student,0000
20240530,0303600,True,student,0000
20240531,0313720,True,student,0000
20240532,0323840,True,student,0000
20240533,0333960,True,student,0000
20240534,0344080,True,student,0000
20240535,0354200,True,student,0000
20240536,0364320,True,student,0000
20240537,0374440,True,student,0000
20240538,0384560,True,student,0000
20240539,0394680,True,student,0000
20240540,0404800,True,student,0000
20240541,0414920,True,student,0000
20240542,0425040,True,student,0000
20240543,0435160,True,student,0000
20240544,0445280,True,student,0000
20240545,0455400,True,student,0000
20240546,0465520,True,student,0000
20240547,0475640,True,student,0000
20240548,0485760,True,student,0000
20240549,0495880,True,student,0000
20240550,0506000,True,student,0000
20240551,0516120,True,student,0000
20240552,0526240,True,student,0000
20240553,0536360,True,student,0000
20240554,0546480,True,student,0000
20240555,0556600,True,student,0000
20240556,0566720,True,student,0000
20240557,0576840,True,student,0000
20240558,0586960,True,student,0000
20240559,0597080,True,student,0000
20240560,0607200,True,student,0000
20240561,0617320,True,student,0000
20240562,0627440,True,student,0000
20240563,0637560,True,student,0000
20240564,0647680,True,student,0000
20240601,0012144,True,student,0000
20240602,0024288,True,student,0000
20240603,0036432,True,student,0000
20240604,0048576,True,student,0000
20240605,0060720,True,student,0000
20240606,0072864,True,student,0000
20240607,0085008,True,student,0000
20240608,0097152,True,student,0000
20240609,0109296,True,student,0000
20240610,0121440,True,student,0000
20240611,0133584,True,student,0000
20240612,0145728,True,student,0000
20240613,0157872,True,student,0000
20240614,0170016,True,student,0000
20240615,0182160,True,student,0000
20240616,0194304,True,student,0000
20240617,0206448,True,student,0000
20240618,0218592,True,student,0000
20240619,0230736,True,student,0000
20240620,0242880,True,student,0000
20240621,0255024,True,student,0000
20240622,0267168,True,student,0000
20240623,0279312,True,student,0000
20240624,0291456,True,student,0000
20240625,0303600,True,student,0000
20240626,0315744,True,student,0000
20240627,0327888,True,student,0000
20240628,0340032,True,student,0000
20240629,0352176,True,student,0000
20240630,0364320,True,student,0000
20240631,0376464,True,student,0000
20240632,0388608,True,student,0000
20240633,0400752,True,student,0000
20240634,0412896,True,student,0000
20240635,0425040,True,student,0000
20240636,0437184,True,student,0000
20240637,0449328,True,student,0000
20240638,0461472,True,student,0000
20240639,0473616,True,student,0000
20240640,0485760,True,student,0000
20240641,0497904,True,student,0000
20240642,0510048,True,student,0000
20240643,0522192,True,student,0000
20240644,0534336,True,student,0000
20240645,0546480,True,student,0000
20240646,0558624,True,student,0000
20240647,0570768,True,student,0000
20240648,0582912,True,student,0000
20240649,0595056,True,student,0000
20240650,0607200,True,student,0000
20240651,0619344,True,student,0000
20240652,0631488,True,student,0000
20240653,0643632,True,student,0000
20240654,0655776,True,student,0000
20240655,0667920,True,student,0000
20240656,0680064,True,student,0000
20240657,0692208,True,student,0000
20240658,0704352,True,student,0000
20240659,0716496,True,student,0000
20240660,0728640,True,student,0000
20240661,0740784,True,student,0000
20240662,0752928,True,student,0000
20240663,0765072,True,student,0000
20240664,0777216,True,student,0000
20240701,0014168,True,student,0000
20240702,0028336,True,student,0000
20240703,0042504,True,student,0000
20240704,0056672,True,student,0000
20240705,0070840,True,student,0000
20240706,0085008,True,student,0000
20240707,0099176,True,student,0000
20240708,0113344,True,student,0000
20240709,0127512,True,student,0000
20240710,0141680,True,student,0000
20240711,0155848,True,student,0000
20240712,0170016,True,student,0000
20240713,0184184,True,student,0000
20240714,0198352,True,student,0000
20240715,0212520,True,student,0000
20240716,0226688,True,student,0000
20240717,0240856,True,student,0000
20240718,0255024,True,student,0000
20240719,0269192,True,student,0000
20240720,0283360,True,student,0000
20240721,0297528,True,student,0000
20240722,0311696,True,student,0000
20240723,0325864,True,student,0000
20240724,0340032,True,student,0000
20240725,0354200,True,student,0000
20240726,0368368,True,student,0000
20240727,0382536,True,student,0000
20240728,0396704,True,student,0000
20240729,0410872,True,student,0000
20240730,0425040,True,student,0000
20240731,0439208,True,student,0000
20240732,0453376,True,student,0000
20240733,0467544,True,student,0000
20240734,0481712,True,student,0000
20240735,0495880,True,student,0000
20240736,0510048,True,student,0000
20240737,0524216,True,student,0000
20240738,0538384,True,student,0000
20240739,0552552,True,student,0000
20240740,0566720,True,student,0000
20240741,0580888,True,student,0000
20240742,0595056,True,student,0000
20240743,0609224,True,student,0000
20240744,0623392,True,student,0000
20240745,0637560,True,student,0000
20240746,0651728,True,student,0000
20240747,0665896,True,student,0000
20240748,0680064,True,student,0000
20240749,0694232,True,student,0000
20240750,0708400,True,student,0000
20240751,0722568,True,student,0000
20240752,0736736,True,student,0000
20240753,0750904,True,student,0000
20240754,0765072,True,student,0000
20240755,0779240,True,student,0000
20240756,0793408,True,student,0000
20240757,0807576,True,student,0000
20240758,0821744,True,student,0000
20240759,0835912,True,student,0000
20240760,0850080,True,student,0000
20240761,0864248,True,student,0000
20240762,0878416,True,student,0000
20240763,0892584,True,student,0000
20240764,0906752,True,student,0000
20240801,0016192,True,student,0000
20240802,0032384,True,student,0000
20240803,0048576,True,student,0000
20240804,0064768,True,student,0000
20240805,0080960,True,student,0000
20240806,0097152,True,student,0000
20240807,0113344,True,student,0000
20240808,0129536,True,student,0000
20240809,0145728,True,student,0000
20240810,0161920,True,student,0000
20240811,0178112,True,student,0000
20240812,0194304,True,student,0000
20240813,0210496,True,student,0000
20240814,0226688,True,student,0000
20240815,0242880,True,student,0000
20240816,0259072,True,student,0000
20240817,0275264,True,student,0000
20240818,0291456,True,student,0000
20240819,0307648,True,student,0000
20240820,0323840,True,student,0000
20240821,0340032,True,student,0000
20240822,0356224,True,student,0000
20240823,0372416,True,student,0000
20240824,0388608,True,student,0000
20240825,0404800,True,student,0000
20240826,0420992,True,student,0000
20240827,0437184,True,student,0000
20240828,0453376,True,student,0000
20240829,0469568,True,student,0000
20240830,0485760,True,student,0000
20240831,0501952,True,student,0000
20240832,0518144,True,student,0000
20240833,0534336,True,student,0000
20240834,0550528,True,student,0000
20240835,0566720,True,student,0000
20240836,0582912,True,student,0000
20240837,0599104,True,student,0000
20240838,0615296,True,student,0000
20240839,0631488,True,student,0000
20240840,0647680,True,student,0000
20240841,0663872,True,student,0000
20240842,0680064,True,student,0000
20240843,0696256,True,student,0000
20240844,0712448,True,student,0000
20240845,0728640,True,student,0000
20240846,0744832,True,student,0000
20240847,0761024,True,student,0000
20240848,0777216,True,student,0000
20240849,0793408,True,student,0000
20240850,0809600,True,student,0000
20240851,0825792,True,student,0000
20240852,0841984,True,student,0000
20240853,0858176,True,student,0000
20240854,0874368,True,student,0000
20240855,0890560,True,student,0000
20240856,0906752,True,student,0000
20240857,0922944,True,student,0000
20240858,0939136,True,student,0000
20240859,0955328,True,student,0000
20240860,0971520,True,student,0000
20240861,0987712,True,student,0000
20240862,1003904,True,student,0000
20240863,1020096,True,student,0000
20240864,1036288,True,student,0000
20240901,0018216,True,student,0000
20240902,0036432,True,student,0000
20240903,0054648,True,student,0000
20240904,0072864,True,student,0000
20240905,0091080,True,student,0000
20240906,0109296,True,student,0000
20240907,0127512,True,student,0000
20240908,0145728,True,student,0000
20240909,0163944,True,student,0000
20240910,0182160,True,student,0000
20240911,0200376,True,student,0000
20240912,0218592,True,student,0000
20240913,0236808,True,student,0000
20240914,0255024,True,student,0000
20240915,0273240,True,student,0000
20240916,0291456,True,student,0000
20240917,0309672,True,student,0000
20240918,0327888,True,student,0000
20240919,0346104,True,student,0000
20240920,0364320,True,student,0000
20240921,0382536,True,student,0000
20240922,0400752,True,student,0000
20240923,0418968,True,student,0000
20240924,0437184,True,student,0000
20240925,0455400,True,student,0000
20240926,0473616,True,student,0000
20240927,0491832,True,student,0000
20240928,0510048,True,student,0000
20240929,0528264,True,student,0000
20240930,0546480,True,student,0000
20240931,0564696,True,student,0000
20240932,0582912,True,student,0000
20240933,0601128,True,student,0000
20240934,0619344,True,student,0000
20240935,0637560,True,student,0000
20240936,0655776,True,student,0000
20240937,0673992,True,student,0000
20240938,0692208,True,student,0000
20240939,0710424,True,student,0000
20240940,0728640,True,student,0000
20240941,0746856,True,student,0000
20240942,0765072,True,student,0000
20240943,0783288,True,student,0000
20240944,0801504,True,student,0000
20240945,0819720,True,student,0000
20240946,0837936,True,student,0000
20240947,0856152,True,student,0000
20240948,0874368,True,student,0000
20240949,0892584,True,student,0000
20240950,0910800,True,student,0000
20240951,0929016,True,student,0000
20240952,0947232,True,student,0000
20240953,0965448,True,student,0000
20240954,0983664,True,student,0000
20240955,1001880,True,student,0000
20240956,1020096,True,student,0000
20240957,1038312,True,student,0000
20240958,1056528,True,student,0000
20240959,1074744,True,student,0000
20240960,1092960,True,student,0000
20240961,1111176,True,student,0000
20240962,1129392,True,student,0000
20240963,1147608,True,student,0000
20240964,1165824,True,student,0000
20250101,0002025,True,student,0000
20250102,0004050,True,student,0000
20250103,0006075,True,student,0000
20250104,0008100,True,student,0000
20250105,0010125,True,student,0000
20250106,0012150,True,student,0000
20250107,0014175,True,student,0000
20250108,0016200,True,student,0000
20250109,0018225,True,student,0000
20250110,0020250,True,student,0000
20250111,0022275,True,student,0000
20250112,0024300,True,student,0000
20250113,0026325,True,student,0000
20250114,0028350,True,student,0000
20250115,0030375,True,student,0000
20250116,0032400,True,student,0000
20250117,0034425,True,student,0000
20250118,0036450,True,student,0000
20250119,0038475,True,student,0000
20250120,0040500,True,student,0000
20250121,0042525,True,student,0000
20250122,0044550,True,student,0000
20250123,0046575,True,student,0000
20250124,0048600,True,student,0000
20250125,0050625,True,student,0000
20250126,0052650,True,student,0000
20250127,0054675,True,student,0000
20250128,0056700,True,student,0000
20250129,0058725,True,student,0000
20250130,0060750,True,student,0000
20250131,0062775,True,student,0000
20250132,0064800,True,student,0000
20250133,0066825,True,student,0000
20250134,0068850,True,student,0000
20250135,0070875,True,student,0000
20250136,0072900,True,student,0000
20250137,0074925,True,student,0000
20250138,0076950,True,student,0000
20250139,0078975,True,student,0000
20250140,0081000,True,student,0000
20250141,0083025,True,student,0000
20250142,0085050,True,student,0000
20250143,0087075,True,student,0000
20250144,0089100,True,student,0000
20250145,0091125,True,student,0000
20250146,0093150,True,student,0000
20250147,0095175,True,student,0000
20250148,0097200,True,student,0000
20250149,0099225,True,student,0000
20250150,0101250,True,student,0000
20250151,0103275,True,student,0000
20250152,0105300,True,student,0000
20250153,0107325,True,student,0000
20250154,0109350,True,student,0000
20250155,0111375,True,student,0000
20250156,0113400,True,student,0000
20250157,0115425,True,student,0000
20250158,0117450,True,student,0000
20250159,0119475,True,student,0000
20250160,0121500,True,student,0000
20250161,0123525,True,student,0000
20250162,0125550,True,student,0000
20250163,0127575,True,student,0000
20250164,0129600,True,student,0000
20250201,0004050,True,student,0000
20250202,0008100,True,student,0000
20250203,0012150,True,student,0000
20250204,0016200,True,student,0000
20250205,0020250,True,student,0000
20250206,0024300,True,student,0000
20250207,0028350,True,student,0000
20250208,0032400,True,student,0000
20250209,0036450,True,student,0000
20250210,0040500,True,student,0000
20250211,0044550,True,student,0000
20250212,0048600,True,student,0000
20250213,0052650,True,student,0000
20250214,0056700,True,student,0000
20250215,0060750,True,student,0000
20250216,0064800,True,student,0000
20250217,0068850,True,student,0000
20250218,0072900,True,student,0000
20250219,0076950,True,student,0000
20250220,0081000,True,student,0000
20250221,0085050,True,student,0000
20250222,0089100,True,student,0000
20250223,0093150,True,student,0000
20250224,0097200,True,student,0000
20250225,0101250,True,student,0000
20250226,0105300,True,student,0000
20250227,0109350,True,student,0000
20250228,0113400,True,student,0000
20250229,0117450,True,student,0000
20250230,0121500,True,student,0000
20250231,0125550,True,student,0000
20250232,0129600,True,student,0000
20250233,0133650,True,student,0000
20250234,0137700,True,student,0000
20250235,0141750,True,student,0000
20250236,0145800,True,student,0000
20250237,0149850,True,student,0000
20250238,0153900,True,student,0000
20250239,0157950,True,student,0000
20250240,0162000,True,student,0000
20250241,0166050,True,student,0000
20250242,0170100,True,student,0000
20250243,0174150,True,student,0000
20250244,0178200,True,student,0000
20250245,0182250,True,student,0000
20250246,0186300,True,student,0000
20250247,0190350,True,student,0000
20250248,0194400,True,student,0000
20250249,0198450,True,student,0000
20250250,0202500,True,student,0000
20250251,0206550,True,student,0000
20250252,0210600,True,student,0000
20250253,0214650,True,student,0000
20250254,0218700,True,student,0000
20250255,0222750,True,student,0000
20250256,0226800,True,student,0000
20250257,0230850,True,student,0000
20250258,0234900,True,student,0000
20250259,0238950,True,student,0000
20250260,0243000,True,student,0000
20250261,0247050,True,student,0000
20250262,0251100,True,student,0000
20250263,0255150,True,student,0000
20250264,0259200,True,student,0000
20250301,0006075,True,student,0000
20250302,0012150,True,student,0000
20250303,0018225,True,student,0000
20250304,0024300,True,student,0000
20250305,0030375,True,student,0000
20250306,0036450,True,student,0000
20250307,0042525,True,student,0000
20250308,0048600,True,student,0000
20250309,0054675,True,student,0000
20250310,0060750,True,student,0000
20250311,0066825,True,student,0000
20250312,0072900,True,student,0000
20250313,0078975,True,student,0000
20250314,0085050,True,student,0000
20250315,0091125,True,student,0000
20250316,0097200,True,student,0000
20250317,0103275,True,student,0000
20250318,0109350,True,student,0000
20250319,0115425,True,student,0000
20250320,0121500,True,student,0000
20250321,0127575,True,student,0000
20250322,0133650,True,student,0000
20250323,0139725,True,student,0000
20250324,0145800,True,student,0000
20250325,0151875,True,student,0000
20250326,0157950,True,student,0000
20250327,0164025,True,student,0000
20250328,0170100,True,student,0000
20250329,0176175,True,student,0000
20250330,0182250,True,student,0000
20250331,0188325,True,student,0000
20250332,0194400,True,student,0000
20250333,0200475,True,student,0000
20250334,0206550,True,student,0000
20250335,0212625,True,student,0000
20250336,0218700,True,student,0000
20250337,0224775,True,student,0000
20250338,0230850,True,student,0000
20250339,0236925,True,student,0000
20250340,0243000,True,student,0000
20250341,0249075,True,student,0000
20250342,0255150,True,student,0000
20250343,0261225,True,student,0000
20250344,0267300,True,student,0000
20250345,0273375,True,student,0000
20250346,0279450,True,student,0000
20250347,0285525,True,student,0000
20250348,0291600,True,student,0000
20250349,0297675,True,student,0000
20250350,0303750,True,student,0000
20250351,0309825,True,student,0000
20250352,0315900,True,student,0000
20250353,0321975,True,student,0000
20250354,0328050,True,student,0000
20250355,0334125,True,student,0000
20250356,0340200,True,student,0000
20250357,0346275,True,student,0000
20250358,0352350,True,student,0000
20250359,0358425,True,student,0000
20250360,0364500,True,student,0000
20250361,0370575,True,student,0000
20250362,0376650,True,student,0000
20250363,0382725,True,student,0000
20250364,0388800,True,student,0000
20250401,0008100,True,student,0000
20250402,0016200,True,student,0000
20250403,0024300,True,student,0000
20250404,0032400,True,student,0000
20250405,0040500,True,student,0000
20250406,0048600,True,student,0000
20250407,0056700,True,student,0000
20250408,0064800,True,student,0000
20250409,0072900,True,student,0000
20250410,0081000,True,student,0000
20250411,0089100,True,student,0000
20250412,0097200,True,student,0000
20250413,0105300,True,student,0000
20250414,0113400,True,student,0000
20250415,0121500,True,student,0000
20250416,0129600,True,student,0000
20250417,0137700,True,student,0000
20250418,0145800,True,student,0000
20250419,0153900,True,student,0000
20250420,0162000,True,student,0000
20250421,0170100,True,student,0000
20250422,0178200,True,student,0000
20250423,0186300,True,student,0000
20250424,0194400,True,student,0000
20250425,0202500,True,student,0000
20250426,0210600,True,student,0000
20250427,0218700,True,student,0000
20250428,0226800,True,student,0000
20250429,0234900,True,student,0000
20250430,0243000,True,student,0000
20250431,0251100,True,student,0000
20250432,0259200,True,student,0000
20250433,0267300,True,student,0000
20250434,0275400,True,student,0000
20250435,0283500,True,student,0000
20250436,0291600,True,student,0000
20250437,0299700,True,student,0000
20250438,0307800,True,student,0000
20250439,0315900,True,student,0000
20250440,0324000,True,student,0000
20250441,0332100,True,student,0000
20250442,0340200,True,student,0000
20250443,0348300,True,student,0000
20250444,0356400,True,student,0000
20250445,0364500,True,student,0000
20250446,0372600,True,student,0000
20250447,0380700,True,student,0000
20250448,0388800,True,student,0000
20250449,0396900,True,student,0000
20250450,0405000,True,student,0000
20250451,0413100,True,student,0000
20250452,0421200,True,student,0000
20250453,0429300,True,student,0000
20250454,0437400,True,student,0000
20250455,0445500,True,student,0000
20250456,0453600,True,student,0000
20250457,0461700,True,student,0000
20250458,0469800,True,student,0000
20250459,0477900,True,student,0000
20250460,0486000,True,student,0000
20250461,0494100,True,student,0000
20250462,0502200,True,student,0000
20250463,0510300,True,student,0000
20250464,0518400,True,student,0000
20250501,0010125,True,student,0000
20250502,0020250,True,student,0000
20250503,0030375,True,student,0000
20250504,0040500,True,student,0000
20250505,0050625,True,student,0000
20250506,0060750,True,student,0000
20250507,0070875,True,student,0000
20250508,0081000,True,student,0000
20250509,0091125,True,student,0000
20250510,0101250,True,student,0000
20250511,0111375,True,student,0000
20250512,0121500,True,student,0000
20250513,0131625,True,student,0000
20250514,0141750,True,student,0000
20250515,0151875,True,student,0000
20250516,0162000,True,student,0000
20250517,0172125,True,student,0000
20250518,0182250,True,student,0000
20250519,0192375,True,student,0000
20250520,0202500,True,student,0000
20250521,0212625,True,student,0000
20250522,0222750,True,student,0000
20250523,0232875,True,student,0000
20250524,0243000,True,student,0000
20250525,0253125,True,student,0000
20250526,0263250,True,student,0000
20250527,0273375,True,student,0000
20250528,0283500,True,student,0000
20250529,0293625,True,student,0000
20250530,0303750,True,student,0000
20250531,0313875,True,student,0000
20250532,0324000,True,student,0000
20250533,0334125,True,student,0000
20250534,0344250,True,student,0000
20250535,0354375,True,student,0000
20250536,0364500,True,student,0000
20250537,0374625,True,student,0000
20250538,0384750,True,student,0000
20250539,0394875,True,student,0000
20250540,0405000,True,student,0000
20250541,0415125,True,student,0000
20250542,0425250,True,student,0000
20250543,0435375,True,student,0000
20250544,0445500,True,student,0000
20250545,0455625,True,student,0000
20250546,0465750,True,student,0000
20250547,0475875,True,student,0000
20250548,0486000,True,student,0000
20250549,0496125,True,student,0000
20250550,0506250,True,student,0000
20250551,0516375,True,student,0000
20250552,0526500,True,student,0000
20250553,0536625,True,student,0000
20250554,0546750,True,student,0000
20250555,0556875,True,student,0000
20250556,0567000,True,student,0000
20250557,0577125,True,student,0000
20250558,0587250,True,student,0000
20250559,0597375,True,student,0000
20250560,0607500,True,student,0000
20250561,0617625,True,student,0000
20250562,0627750,True,student,0000
20250563,0637875,True,student,0000
20250564,0648000,True,student,0000
20250601,0012150,True,student,0000
20250602,0024300,True,student,0000
20250603,0036450,True,student,0000
20250604,0048600,True,student,0000
20250605,0060750,True,student,0000
20250606,0072900,True,student,0000
20250607,0085050,True,student,0000
20250608,0097200,True,student,0000
20250609,0109350,True,student,0000
20250610,0121500,True,student,0000
20250611,0133650,True,student,0000
20250612,0145800,True,student,0000
20250613,0157950,True,student,0000
20250614,0170100,True,student,0000
20250615,0182250,True,student,0000
20250616,0194400,True,student,0000
20250617,0206550,True,student,0000
20250618,0218700,True,student,0000
20250619,0230850,True,student,0000
20250620,0243000,True,student,0000
20250621,0255150,True,student,0000
20250622,0267300,True,student,0000
20250623,0279450,True,student,0000
20250624,0291600,True,student,0000
20250625,0303750,True,student,0000
20250626,0315900,True,student,0000
20250627,0328050,True,student,0000
20250628,0340200,True,student,0000
20250629,0352350,True,student,0000
20250630,0364500,True,student,0000
20250631,0376650,True,student,0000
20250632,0388800,True,student,0000
20250633,0400950,True,student,0000
20250634,0413100,True,student,0000
20250635,0425250,True,student,0000
20250636,0437400,True,student,0000
20250637,0449550,True,student,0000
20250638,0461700,True,student,0000
20250639,0473850,True,student,0000
20250640,0486000,True,student,0000
20250641,0498150,True,student,0000
20250642,0510300,True,student,0000
20250643,0522450,True,student,0000
20250644,0534600,True,student,0000
20250645,0546750,True,student,0000
20250646,0558900,True,student,0000
20250647,0571050,True,student,0000
20250648,0583200,True,student,0000
20250649,0595350,True,student,0000
20250650,0607500,True,student,0000
20250651,0619650,True,student,0000
20250652,0631800,True,student,0000
20250653,0643950,True,student,0000
20250654,0656100,True,student,0000
20250655,0668250,True,student,0000
20250656,0680400,True,student,0000
20250657,0692550,True,student,0000
20250658,0704700,True,student,0000
20250659,0716850,True,student,0000
20250660,0729000,True,student,0000
20250661,0741150,True,student,0000
20250662,0753300,True,student,0000
20250663,0765450,True,student,0000
20250664,0777600,True,student,0000
20250701,0014175,True,student,0000
20250702,0028350,True,student,0000
20250703,0042525,True,student,0000
20250704,0056700,True,student,0000
20250705,0070875,True,student,0000
20250706,0085050,True,student,0000
20250707,0099225,True,student,0000
20250708,0113400,True,student,0000
20250709,0127575,True,student,0000
20250710,0141750,True,student,0000
20250711,0155925,True,student,0000
20250712,0170100,True,student,0000
20250713,0184275,True,student,0000
20250714,0198450,True,student,0000
20250715,0212625,True,student,0000
20250716,0226800,True,student,0000
20250717,0240975,True,student,0000
20250718,0255150,True,student,0000
20250719,0269325,True,student,0000
20250720,0283500,True,student,0000
20250721,0297675,True,student,0000
20250722,0311850,True,student,0000
20250723,0326025,True,student,0000
20250724,0340200,True,student,0000
20250725,0354375,True,student,0000
20250726,0368550,True,student,0000
20250727,0382725,True,student,0000
20250728,0396900,True,student,0000
20250729,0411075,True,student,0000
20250730,0425250,True,student,0000
20250731,0439425,True,student,0000
20250732,0453600,True,student,0000
20250733,0467775,True,student,0000
20250734,0481950,True,student,0000
20250735,0496125,True,student,0000
20250736,0510300,True,student,0000
20250737,0524475,True,student,0000
20250738,0538650,True,student,0000
20250739,0552825,True,student,0000
20250740,0567000,True,student,0000
20250741,0581175,True,student,0000
20250742,0595350,True,student,0000
20250743,0609525,True,student,0000
20250744,0623700,True,student,0000
20250745,0637875,True,student,0000
20250746,0652050,True,student,0000
20250747,0666225,True,student,0000
20250748,0680400,True,student,0000
20250749,0694575,True,student,0000
20250750,0708750,True,student,0000
20250751,0722925,True,student,0000
20250752,0737100,True,student,0000
20250753,0751275,True,student,0000
20250754,0765450,True,student,0000
20250755,0779625,True,student,0000
20250756,0793800,True,student,0000
20250757,0807975,True,student,0000
20250758,0822150,True,student,0000
20250759,0836325,True,student,0000
20250760,0850500,True,student,0000
20250761,0864675,True,student,0000
20250762,0878850,True,student,0000
20250763,0893025,True,student,0000
20250764,0907200,True,student,0000
20250801,0016200,True,student,0000
20250802,0032400,True,student,0000
20250803,0048600,True,student,0000
20250804,0064800,True,student,0000
20250805,0081000,True,student,0000
20250806,0097200,True,student,0000
20250807,0113400,True,student,0000
20250808,0129600,True,student,0000
20250809,0145800,True,student,0000
20250810,0162000,True,student,0000
20250811,0178200,True,student,0000
20250812,0194400,True,student,0000
20250813,0210600,True,student,0000
20250814,0226800,True,student,0000
20250815,0243000,True,student,0000
20250816,0259200,True,student,0000
20250817,0275400,True,student,0000
20250818,0291600,True,student,0000
20250819,0307800,True,student,0000
20250820,0324000,True,student,0000
20250821,0340200,True,student,0000
20250822,0356400,True,student,0000
20250823,0372600,True,student,0000
20250824,0388800,True,student,0000
20250825,0405000,True,student,0000
20250826,0421200,True,student,0000
20250827,0437400,True,student,0000
20250828,0453600,True,student,0000
20250829,0469800,True,student,0000
20250830,0486000,True,student,0000
20250831,0502200,True,student,0000
20250832,0518400,True,student,0000
20250833,0534600,True,student,0000
20250834,0550800,True,student,0000
20250835,0567000,True,student,0000
20250836,0583200,True,student,0000
20250837,0599400,True,student,0000
20250838,0615600,True,student,0000
20250839,0631800,True,student,0000
20250840,0648000,True,student,0000
20250841,0664200,True,student,0000
20250842,0680400,True,student,0000
20250843,0696600,True,student,0000
20250844,0712800,True,student,0000
20250845,0729000,True,student,0000
20250846,0745200,True,student,0000
20250847,0761400,True,student,0000
20250848,0777600,True,student,0000
20250849,0793800,True,student,0000
20250850,0810000,True,student,0000
20250851,0826200,True,student,0000
20250852,0842400,True,student,0000
20250853,0858600,True,student,0000
20250854,0874800,True,student,0000
20250855,0891000,True,student,0000
20250856,0907200,True,student,0000
20250857,0923400,True,student,0000
20250858,0939600,True,student,0000
20250859,0955800,True,student,0000
20250860,0972000,True,student,0000
20250861,0988200,True,student,0000
20250862,1004400,True,student,0000
20250863,1020600,True,student,0000
20250864,1036800,True,student,0000
20250901,0018225,True,student,0000
20250902,0036450,True,student,0000
20250903,0054675,True,student,0000
20250904,0072900,True,student,0000
20250905,0091125,True,student,0000
20250906,0109350,True,student,0000
20250907,0127575,True,student,0000
20250908,0145800,True,student,0000
20250909,0164025,True,student,0000
20250910,0182250,True,student,0000
20250911,0200475,True,student,0000
20250912,0218700,True,student,0000
20250913,0236925,True,student,0000
20250914,0255150,True,student,0000
20250915,0273375,True,student,0000
20250916,0291600,True,student,0000
20250917,0309825,True,student,0000
20250918,0328050,True,student,0000
20250919,0346275,True,student,0000
20250920,0364500,True,student,0000
20250921,0382725,True,student,0000
20250922,0400950,True,student,0000
20250923,0419175,True,student,0000
20250924,0437400,True,student,0000
20250925,0455625,True,student,0000
20250926,0473850,True,student,0000
20250927,0492075,True,student,0000
20250928,0510300,True,student,0000
20250929,0528525,True,student,0000
20250930,0546750,True,student,0000
20250931,0564975,True,student,0000
20250932,0583200,True,student,0000
20250933,0601425,True,student,0000
20250934,0619650,True,student,0000
20250935,0637875,True,student,0000
20250936,0656100,True,student,0000
20250937,0674325,True,student,0000
20250938,0692550,True,student,0000
20250939,0710775,True,student,0000
20250940,0729000,True,student,0000
20250941,0747225,True,student,0000
20250942,0765450,True,student,0000
20250943,0783675,True,student,0000
20250944,0801900,True,student,0000
20250945,0820125,True,student,0000
20250946,0838350,True,student,0000
20250947,0856575,True,student,0000
20250948,0874800,True,student,0000
20250949,0893025,True,student,0000
20250950,0911250,True,student,0000
20250951,0929475,True,student,0000
20250952,0947700,True,student,0000
20250953,0965925,True,student,0000
20250954,0984150,True,student,0000
20250955,1002375,True,student,0000
20250956,1020600,True,student,0000
20250957,1038825,True,student,0000
20250958,1057050,True,student,0000
20250959,1075275,True,student,0000
20250960,1093500,True,student,0000
20250961,1111725,True,student,0000
20250962,1129950,True,student,0000
20250963,1148175,True,student,0000
20250964,1166400,True,student,0000
